{"tor1.txt": 4.984949899999947, "tor2.txt": 3.6239662999999993, "tor3.txt": 4.45278669999999, "tor4.txt": 3.7424386999999975, "tor5.txt": 7.36361500000001}