{"tor1.txt": 5.289830099998653, "tor2.txt": 3.5366867999982787, "tor3.txt": 4.381512799998745}