{"tor1.txt": 4.984949899999947, "tor2.txt": 3.4472736999996414, "tor3.txt": 4.407358000000386, "tor4.txt": 3.4320055000000025, "tor5.txt": 7.3317494, "tor6.txt": 8.036479800000002, "tor7.txt": 4.766267400000288}